x,y,z
5,23,6
10,5,11
22,11,9
2,11,8
23,24,9
13,5,8
7,27,11
14,26,11
6,7,8
5,11,9
7,23,13
26,25,6
26,24,10
17,9,4
5,4,6
17,18,9
26,17,7
13,27,9
10,23,14
25,13,5
1,22,11
29,17,4
13,20,6
13,23,11
25,9,7
1,18,13
9,12,9
21,15,2
13,15,12
12,17,4
20,14,12
9,4,10
13,8,9
12,12,10
24,18,8
13,4,11
15,17,5
12,5,7
24,8,0
24,11,5
23,12,1
25,24,5
8,14,7
27,15,4
16,25,11
16,9,3
20,13,2
15,5,8
17,17,12
25,19,11
27,11,6
7,11,5
16,18,8
16,21,13
28,24,6
25,12,8
8,2,10
12,27,8
7,3,6
12,30,13
9,15,10
28,17,3
20,17,13
12,23,10
16,6,11
10,4,3
15,27,9
22,26,9
12,15,11
19,14,11
6,29,11
4,21,8
3,17,13
15,20,6
15,23,11
6,22,8
12,11,13
14,24,7
6,25,13
3,10,10
23,15,2
15,16,8
23,18,7
22,14,12
2,14,11
14,17,4
6,17,14
23,11,4
15,8,9
27,14,7
7,14,6
6,10,11
14,12,10
15,4,11
14,5,7
26,11,5
10,14,7
7,2,9
1,16,9
10,7,4
13,14,4
22,13,2
1,9,6
1,8,10
13,7,1
18,21,13
13,6,5
14,27,8
13,9,10
6,28,14
5,29,10
22,17,13
2,17,12
13,2,7
5,22,7
5,25,12
21,13,11
17,23,7
17,22,11
21,6,8
17,15,8
5,10,10
29,21,6
20,20,3
20,23,8
17,8,5
25,10,4
17,11,10
4,6,8
16,12,6
13,17,5
28,18,4
20,15,9
19,17,1
12,21,6
9,6,3
9,9,8
21,12,1
8,5,13
20,8,6
20,11,11
12,14,3
9,18,13
9,2,5
21,24,11
3,15,9
12,6,4
19,5,4
12,9,9
3,8,6
3,11,11
15,14,4
12,18,14
12,2,6
4,24,11
6,16,6
11,3,2
23,25,8
3,4,8
15,7,1
23,9,0
22,5,5
17,21,14
6,8,7
16,22,10
23,21,10
20,26,9
15,2,7
7,24,12
14,3,3
16,15,7
6,4,9
28,21,5
23,13,11
27,17,10
7,17,9
19,23,7
4,5,11
23,6,8
10,24,13
0,14,11
19,15,8
18,17,0
26,14,8
19,18,13
10,17,10
22,23,8
7,5,12
19,8,5
19,11,10
6,26,10
10,10,7
18,12,6
3,14,12
10,13,12
22,16,5
2,15,8
6,19,7
2,18,13
5,23,8
2,8,5
22,11,11
2,11,10
14,14,3
23,24,11
5,16,5
13,5,10
7,27,13
14,26,13
6,7,10
5,8,6
17,6,1
14,2,6
17,9,6
10,28,10
5,4,8
20,14,1
17,18,11
26,17,9
1,13,8
13,27,11
13,11,3
25,13,7
1,22,13
13,20,8
21,22,7
18,18,12
13,23,13
9,12,11
21,15,4
5,26,9
24,23,4
24,22,8
9,4,12
13,8,11
21,10,10
12,12,12
24,18,10
15,17,7
12,5,9
24,8,2
24,11,7
4,10,10
23,12,3
25,24,7
8,14,9
20,17,2
25,23,11
27,15,6
7,15,5
9,27,9
4,3,7
16,6,0
16,25,13
8,7,6
16,9,5
20,13,4
15,5,10
27,11,8
7,11,7
19,14,0
16,18,10
28,24,8
25,12,10
8,2,12
20,5,5
12,27,10
12,11,2
7,3,8
9,15,12
19,9,6
10,8,3
12,20,7
22,14,1
12,23,12
6,20,8
3,5,5
10,4,5
15,27,11
12,15,13
6,29,13
24,21,11
4,21,10
6,13,5
15,20,8
23,22,7
15,4,0
15,23,13
23,15,4
15,16,10
23,18,9
7,18,6
14,17,6
7,21,11
26,23,4
4,9,13
6,1,8
23,11,6
15,8,11
27,14,9
7,14,8
6,10,13
14,12,12
26,15,5
26,18,10
14,5,9
26,11,7
10,14,9
22,17,2
7,2,11
1,16,11
10,7,6
21,13,0
13,14,6
22,13,4
13,6,7
14,27,10
13,9,12
5,29,12
13,2,9
17,27,7
25,22,3
17,22,13
9,28,10
20,27,8
20,11,0
17,15,10
29,21,8
9,21,7
20,20,5
28,22,4
13,24,10
20,23,10
17,8,7
25,10,6
17,11,12
9,14,4
29,14,5
9,13,8
16,12,8
13,17,7
9,16,13
28,18,6
20,15,11
0,15,10
12,21,8
9,6,5
9,9,10
21,12,3
20,8,8
12,14,5
9,2,7
3,15,11
15,21,9
12,6,6
19,5,6
12,9,11
3,8,8
3,11,13
15,14,6
27,20,4
12,2,8
4,24,13
6,16,8
11,3,4
23,25,10
15,7,3
23,9,2
8,11,8
6,8,9
16,22,12
23,21,12
20,26,11
15,2,9
7,24,14
19,27,7
25,16,12
14,3,5
16,15,9
6,4,11
26,9,3
28,21,7
12,24,9
19,23,9
3,26,11
19,15,10
3,19,8
10,17,12
22,23,10
19,8,7
19,11,12
6,26,12
18,12,8
5,27,8
22,16,7
30,18,6
22,15,11
2,15,10
6,19,9
14,21,8
11,6,5
2,8,7
2,11,12
14,14,5
26,20,3
7,27,15
17,14,2
6,7,12
17,13,6
5,8,8
17,6,3
14,2,8
17,9,8
10,28,12
5,4,10
20,14,3
26,17,11
1,13,10
13,27,13
13,11,5
25,13,9
21,22,9
13,4,2
9,12,13
21,15,6
5,26,11
24,22,10
13,8,13
21,10,12
17,17,3
25,19,2
4,15,6
24,18,12
20,24,7
24,8,4
17,12,9
16,14,1
24,11,9
4,10,12
16,13,5
23,12,5
8,14,11
20,17,4
16,16,10
27,15,8
7,15,7
9,27,11
19,21,5
4,3,9
16,6,2
8,7,8
16,9,7
20,13,6
8,6,12
7,8,4
0,12,9
7,11,9
19,14,2
16,2,4
21,25,10
20,5,7
12,27,12
12,11,4
7,3,10
19,9,8
18,11,0
10,8,5
12,20,9
22,14,3
12,23,14
4,25,10
6,17,5
6,20,10
3,5,7
15,8,0
15,27,13
22,7,0
15,11,5
10,3,11
4,21,12
6,13,7
15,20,10
23,22,9
15,4,2
6,6,4
23,15,6
6,5,8
23,18,11
7,18,8
7,21,13
26,23,6
23,11,8
5,2,6
7,14,10
26,15,7
3,23,10
7,6,11
26,11,9
18,14,1
21,21,1
10,14,11
22,17,4
22,20,9
18,6,2
10,7,8
21,13,2
18,9,7
13,14,8
22,13,6
9,3,6
13,6,9
2,5,6
14,27,12
14,11,4
5,13,6
13,2,11
17,27,9
17,11,1
25,22,5
8,12,7
17,3,2
9,28,12
20,27,10
20,11,2
17,15,12
25,17,11
9,21,9
28,22,6
13,24,12
25,10,8
12,25,8
9,13,10
16,12,10
28,15,3
13,17,9
21,19,8
28,18,8
20,15,13
12,18,5
12,21,10
24,24,3
9,6,7
9,9,12
21,12,5
20,8,10
12,14,7
9,2,9
3,15,13
15,21,11
12,6,8
12,9,13
4,12,5
3,8,10
23,13,2
15,14,8
27,20,6
12,2,10
16,27,8
15,7,5
23,9,4
8,11,10
27,13,3
14,8,1
7,12,6
6,8,11
16,22,14
19,27,9
19,11,1
14,3,7
16,15,11
26,9,5
28,21,9
10,13,3
19,20,6
12,24,11
19,23,11
3,26,13
10,5,4
22,11,2
19,15,12
1,7,6
15,25,8
10,17,14
13,5,1
2,23,11
19,8,9
6,26,14
18,12,10
5,27,10
30,18,8
22,15,13
2,15,12
6,19,11
5,20,7
2,8,9
14,14,7
26,20,5
17,13,8
5,8,10
29,19,6
17,6,5
14,2,10
1,17,10
17,9,10
13,15,5
20,14,5
1,10,7
13,18,10
1,13,12
13,8,2
9,7,8
13,11,7
1,6,9
12,12,3
21,22,11
13,4,4
21,15,8
17,24,8
12,0,6
24,6,4
15,5,1
17,17,5
25,19,4
4,15,8
16,21,6
25,12,1
20,24,9
17,12,11
29,18,9
16,13,7
8,14,13
20,17,6
16,16,12
28,19,5
27,15,10
7,15,9
19,21,7
16,6,4
16,9,9
3,24,9
20,13,8
20,12,12
0,12,11
12,15,4
19,14,4
16,2,6
18,15,0
12,27,14
12,11,6
19,9,10
10,8,7
3,12,12
22,14,5
4,25,12
6,17,7
6,20,12
3,5,9
15,8,2
22,7,2
15,11,7
6,10,4
22,9,11
14,12,3
4,21,14
6,13,9
15,20,12
23,22,11
15,4,4
7,26,9
14,5,0
7,25,13
23,15,8
6,5,10
23,18,13
7,18,10
19,24,8
26,23,8
10,26,10
5,2,8
7,14,12
26,15,9
3,23,12
7,6,13
13,9,3
19,12,11
10,14,13
22,17,6
22,20,11
14,23,3
18,6,4
6,23,13
10,7,10
21,13,4
18,9,9
22,13,8
5,17,6
13,6,11
2,5,8
17,15,1
14,11,6
5,13,8
17,11,3
5,5,9
25,22,7
8,12,9
20,15,2
20,18,7
17,3,4
9,25,9
9,28,14
8,5,6
20,11,4
9,18,6
9,21,11
28,22,8
20,4,1
13,24,14
25,10,10
12,25,10
9,13,12
28,15,5
13,17,11
21,19,10
28,18,10
12,18,7
12,21,12
24,24,5
9,6,9
21,12,7
17,21,7
12,13,13
4,19,10
23,21,3
15,21,13
12,6,10
4,12,7
3,8,12
23,13,4
15,14,10
27,17,3
27,20,8
23,6,1
23,9,6
8,11,12
27,13,5
27,12,9
7,12,8
19,15,1
26,14,1
6,8,13
19,18,6
16,3,3
7,5,5
19,27,11
19,11,3
14,3,9
16,15,13
26,9,7
10,13,5
10,12,9
12,24,13
10,5,6
22,11,4
1,7,8
15,25,10
13,5,3
15,24,14
19,8,11
7,30,11
5,27,12
7,23,8
6,19,13
26,24,5
2,8,11
17,18,4
14,14,9
26,17,2
26,20,7
10,23,9
17,13,10
26,12,8
29,19,8
18,18,5
17,6,7
1,17,12
17,9,12
9,12,4
13,15,7
10,11,12
1,10,9
13,18,12
9,4,5
13,8,4
9,7,10
13,11,9
12,12,5
24,18,3
9,0,7
13,4,6
13,3,10
12,5,2
24,11,0
17,24,10
25,26,9
12,0,8
24,6,6
15,5,3
17,17,7
25,19,6
29,23,5
16,18,3
9,22,8
16,21,8
16,20,12
25,12,3
20,24,11
17,12,13
9,15,5
16,13,9
20,17,8
28,19,7
7,15,11
19,21,9
16,6,6
16,9,11
28,12,4
3,24,11
12,15,6
24,21,4
19,13,10
18,15,2
3,17,8
12,11,8
19,9,12
15,16,3
10,8,9
23,18,2
15,15,7
22,14,7
12,3,9
4,25,14
6,17,9
4,9,6
6,20,14
3,5,11
15,8,4
15,11,9
27,14,2
2,6,7
6,10,6
14,12,5
6,13,11
26,18,3
15,4,6
14,5,2
23,15,10
6,5,12
7,18,12
19,24,10
3,27,12
10,26,12
5,2,10
26,15,11
1,11,10
3,23,14
22,25,7
22,24,11
2,24,10
13,9,5
19,12,13
22,17,8
14,23,5
18,6,6
21,13,6
5,24,11
22,13,10
17,22,6
2,5,10
17,15,3
14,11,8
5,10,5
5,13,10
17,8,0
17,11,5
16,12,1
25,22,9
8,12,11
20,15,4
20,18,9
17,3,6
9,25,11
9,9,3
8,5,8
20,8,1
20,11,6
21,24,6
28,22,10
20,4,3
12,25,12
12,9,4
13,17,13
21,19,12
3,11,6
12,18,9
12,21,14
24,24,7
9,6,11
21,12,9
3,3,7
22,5,0
17,21,9
4,19,12
23,21,5
7,24,7
12,6,12
4,12,9
16,15,2
23,13,6
8,15,12
15,14,12
27,17,5
27,20,10
7,19,13
4,4,10
23,6,3
23,9,8
10,24,8
7,12,10
19,15,3
19,18,8
16,3,5
10,17,5
7,5,7
19,8,0
19,11,5
18,12,1
3,14,7
10,12,11
22,15,4
2,18,8
15,29,10
19,6,11
10,5,8
22,11,6
23,24,6
6,14,8
7,30,13
6,7,5
23,19,12
5,11,6
7,23,10
14,2,1
26,24,7
17,9,1
10,27,9
14,14,11
26,17,4
26,20,9
10,23,11
25,13,2
13,30,11
17,13,12
26,12,10
18,18,7
13,23,8
13,22,12
17,6,9
9,12,6
9,11,10
13,15,9
1,10,11
13,18,14
24,22,3
9,4,7
13,8,6
9,7,12
13,11,11
12,12,7
24,18,5
9,0,9
5,14,7
17,12,2
24,11,2
4,10,5
16,16,3
25,23,6
17,24,12
16,25,8
16,9,0
15,5,5
25,19,8
8,9,10
27,11,3
29,23,7
9,22,10
16,20,14
25,12,5
8,2,7
20,5,0
25,11,9
12,30,10
9,15,7
19,9,1
16,13,11
20,17,10
28,19,9
12,22,11
19,21,11
16,6,8
9,10,13
28,12,6
3,24,13
10,3,4
15,30,11
12,15,8
24,21,6
19,13,12
3,17,10
15,23,8
12,11,10
14,24,4
23,18,4
15,15,9
22,14,9
15,18,14
7,21,6
12,3,11
6,17,11
24,9,9
4,9,8
23,11,1
15,8,6
15,11,11
27,14,4
2,6,9
14,12,7
6,13,13
26,18,5
15,4,8
7,6,4
14,5,4
26,11,2
23,15,12
10,14,4
7,18,14
7,2,6
19,24,12
10,26,14
18,9,0
1,8,7
1,11,12
13,6,2
10,2,7
2,24,12
13,9,7
6,28,11
22,17,10
2,17,9
13,2,4
14,23,7
18,6,8
21,13,8
22,13,12
14,15,8
17,22,8
17,15,5
14,11,10
25,17,4
5,10,7
25,10,1
17,10,11
16,12,3
9,16,8
8,12,13
20,15,6
20,18,11
17,3,8
9,25,13
9,9,5
8,5,10
20,8,3
20,11,8
3,15,6
12,6,1
12,25,14
12,9,6
3,11,8
12,18,11
12,2,3
24,24,9
4,24,8
4,23,12
21,12,11
3,3,9
22,5,2
15,9,7
17,21,11
6,8,4
4,19,14
16,22,7
15,2,4
7,24,9
25,16,7
14,3,0
4,12,11
6,4,6
16,15,4
23,13,8
27,17,7
20,21,12
19,22,8
23,6,5
16,10,10
23,9,10
10,24,10
0,14,8
7,12,12
19,15,5
19,18,10
16,3,7
10,17,7
3,21,12
7,5,9
19,8,2
19,11,7
18,12,3
3,14,9
10,12,13
22,15,6
22,18,11
2,18,10
14,21,3
15,29,12
10,5,10
18,7,9
22,11,8
2,11,7
23,24,8
6,14,10
5,15,6
7,27,10
6,7,7
17,13,1
14,9,6
5,11,8
7,23,12
14,2,3
26,24,9
17,9,3
5,4,5
10,27,11
26,17,6
26,20,11
13,27,8
10,23,13
13,30,13
18,18,9
13,22,14
2,21,11
21,15,1
9,11,12
13,15,11
21,17,10
24,22,5
9,4,9
13,8,8
13,11,13
12,12,9
24,18,7
5,14,9
17,12,4
24,10,8
4,10,7
23,12,0
8,14,6
16,16,5
25,23,8
27,15,3
16,25,10
16,9,2
20,13,1
8,6,7
15,5,7
25,19,10
8,9,12
20,12,5
27,11,5
9,22,12
8,2,9
20,5,2
25,11,11
7,3,5
12,30,12
9,15,9
19,9,3
16,13,13
12,22,13
19,21,13
4,28,10
28,12,8
15,27,8
10,3,6
12,15,10
22,9,4
24,21,8
4,21,7
23,22,4
15,23,10
12,11,12
14,24,6
4,13,8
23,15,1
4,16,13
23,18,6
15,15,11
27,21,9
7,21,8
6,17,13
26,22,5
4,9,10
23,11,3
15,8,8
23,10,7
15,11,13
7,14,5
2,6,11
27,14,6
14,12,9
26,15,2
26,18,7
10,21,9
7,6,6
14,5,6
7,9,11
26,11,4
10,14,6
22,20,4
7,2,8
1,15,12
10,7,3
18,9,2
22,13,1
1,8,9
13,6,4
10,2,9
13,9,9
22,8,7
5,29,9
22,17,12
13,2,6
18,6,10
21,13,10
14,15,10
17,22,10
26,21,8
17,15,7
14,11,12
25,17,6
29,21,5
13,24,7
25,10,3
9,13,5
13,17,4
9,16,10
21,19,3
28,18,3
20,15,8
20,18,13
9,9,7
21,12,0
20,8,5
13,12,10
20,11,10
12,13,6
12,16,11
9,1,8
3,15,8
15,21,6
12,6,3
12,9,8
3,8,5
3,11,10
15,14,3
12,2,5
17,25,11
24,24,11
4,23,14
23,25,7
16,29,12
15,9,9
17,21,13
6,8,6
16,22,9
20,26,8
15,2,6
7,24,11
25,16,9
14,3,2
4,12,13
16,15,6
28,21,4
23,13,10
19,22,10
16,10,12
28,13,5
10,24,12
0,14,10
28,16,10
19,15,7
19,18,12
16,3,9
3,21,14
15,24,7
19,8,4
22,23,7
2,22,10
19,11,9
6,26,9
18,12,5
3,14,11
22,15,8
2,15,7
6,19,6
22,18,13
2,18,12
14,21,5
11,6,2
5,23,7
3,6,12
10,5,12
22,11,10
2,11,9
23,24,10
6,14,12
7,27,12
6,7,9
17,13,3
14,9,8
5,8,5
5,11,10
7,23,14
17,6,0
14,2,5
17,9,5
1,20,10
10,27,13
10,11,5
13,18,5
13,27,10
9,7,3
13,11,2
21,22,6
18,18,11
13,3,3
2,21,13
5,26,8
13,15,13
21,17,12
24,22,7
9,4,11
17,19,9
24,18,9
17,12,6
29,18,4
24,10,10
4,10,9
16,13,2
8,14,8
20,17,1
16,16,7
25,23,10
8,13,12
7,15,4
27,15,5
25,7,2
4,3,6
16,9,4
8,6,9
25,19,12
20,12,7
27,11,7
19,13,3
9,22,14
21,25,7
8,2,11
20,5,4
12,27,9
16,4,10
7,3,7
9,15,11
19,9,5
10,8,2
3,12,7
22,14,0
4,28,12
6,20,7
15,27,10
15,11,2
10,3,8
12,15,12
22,9,6
24,21,10
4,21,9
6,13,4
23,22,6
15,23,12
7,25,8
14,24,8
7,28,13
4,13,10
6,5,5
23,15,3
23,18,8
15,15,13
7,18,5
7,21,10
26,22,7
4,9,12
6,1,7
15,8,10
23,10,9
27,14,8
7,14,7
14,12,11
26,15,4
26,18,9
10,21,11
7,6,8
22,27,9
7,9,13
19,12,6
26,11,6
18,13,2
10,14,8
22,17,1
22,20,6
7,2,10
6,23,8
10,7,5
18,9,4
22,13,3
2,12,6
1,8,11
13,6,6
10,2,11
14,27,9
13,9,11
22,8,9
13,2,8
14,15,12
20,18,2
17,22,12
26,21,10
17,15,9
25,17,8
29,21,7
9,21,6
9,20,10
13,24,9
25,10,5
20,6,5
9,13,7
13,17,6
21,19,5
9,16,12
20,15,10
0,15,9
12,21,7
9,6,4
9,9,9
21,12,2
13,12,12
12,13,8
12,16,13
24,19,6
9,1,10
3,15,10
15,21,8
12,6,5
12,9,10
15,14,5
27,20,3
12,2,7
17,25,13
7,19,6
12,1,11
11,3,3
4,7,8
23,9,1
8,11,7
25,20,9
15,9,11
27,12,4
6,8,8
16,22,11
20,26,10
15,2,8
25,16,11
14,3,4
16,15,8
9,19,13
23,13,12
28,21,6
10,12,4
12,24,8
19,22,12
3,26,10
19,6,4
28,13,7
10,24,14
19,15,9
15,24,9
2,22,12
6,26,11
14,28,10
18,12,7
3,14,13
23,19,5
30,18,5
22,15,10
2,15,9
2,18,14
14,21,7
11,6,4
15,12,12
14,14,4
22,11,12
7,27,14
6,7,11
17,13,5
14,9,10
26,12,3
5,8,7
17,6,2
14,2,7
17,9,7
1,20,12
9,11,3
10,11,7
13,18,7
1,13,9
9,7,5
13,11,4
2,25,13
21,22,8
18,18,13
13,3,5
5,26,10
24,22,9
21,10,11
17,19,11
24,18,11
16,20,7
20,24,6
17,12,8
29,18,6
4,10,11
16,13,4
20,17,3
16,16,9
13,21,8
27,15,7
7,15,6
25,7,4
16,6,1
9,10,6
16,9,6
8,6,11
20,12,9
0,12,8
19,13,5
21,25,9
8,2,13
20,5,6
12,11,3
7,3,9
19,9,7
3,12,9
22,14,2
15,18,7
12,3,4
4,25,9
4,28,14
6,20,9
3,5,6
15,27,12
15,11,4
10,3,10
22,9,8
24,21,12
4,21,11
6,13,6
23,22,8
6,12,10
15,4,1
7,25,10
7,28,15
4,13,12
6,5,7
23,15,5
16,19,10
23,18,10
7,18,7
7,21,12
26,22,9
6,1,9
15,8,12
23,10,11
5,2,5
7,13,13
26,15,6
26,18,11
3,23,9
10,21,13
22,24,6
7,6,10
19,12,8
10,14,10
22,17,3
22,20,8
18,6,1
6,23,10
21,13,1
18,9,6
5,24,6
22,13,5
22,12,9
2,12,8
14,18,6
13,6,8
14,27,11
13,9,13
22,8,11
14,11,3
6,11,13
5,13,5
5,12,9
17,11,0
17,10,4
5,5,6
8,12,6
20,18,4
17,22,14
9,28,11
20,11,1
25,17,10
9,20,12
28,22,5
13,24,11
21,26,10
25,10,7
20,6,7
9,13,9
21,19,7
20,15,12
12,21,9
9,6,6
9,9,11
21,12,4
12,13,10
24,19,8
4,19,7
3,15,12
21,7,10
15,21,10
12,6,7
12,9,12
4,12,4
23,13,1
8,15,7
20,21,5
27,20,5
7,19,8
4,4,5
4,7,10
16,10,3
23,9,3
8,11,9
25,20,11
27,12,6
7,12,5
19,18,3
16,22,13
8,3,10
15,2,10
0,9,7
14,3,6
19,11,0
7,7,11
26,9,4
28,21,8
10,12,6
12,24,10
22,18,4
7,0,8
19,6,6
10,5,3
18,7,2
22,11,1
19,15,11
4,22,8
15,24,11
10,0,9
2,22,14
6,26,13
14,28,12
5,27,9
23,19,7
30,18,7
22,15,12
2,15,11
26,20,4
14,13,10
17,13,7
14,9,12
26,12,5
5,8,9
29,19,5
18,18,2
13,22,7
14,2,9
1,17,9
9,11,5
13,15,4
10,11,9
1,10,6
13,18,9
1,13,11
13,8,1
9,7,7
13,11,6
13,10,10
12,12,2
13,3,7
24,10,1
5,26,12
17,24,7
12,0,5
24,22,11
24,6,3
15,5,0
25,19,3
17,19,13
29,22,6
16,20,9
20,24,8
25,11,4
17,12,10
25,14,9
29,18,8
4,10,13
16,13,6
16,16,11
28,19,4
13,21,10
27,15,9
25,7,6
19,21,6
9,10,8
16,9,8
8,6,13
20,12,11
0,12,10
19,13,7
20,5,8
12,11,5
7,3,11
19,9,9
3,12,11
15,15,4
15,18,9
12,3,6
4,25,11
6,17,6
24,9,4
6,20,11
3,5,8
15,8,1
15,27,14
23,10,0
15,11,6
22,9,10
23,22,10
6,12,12
15,4,3
15,3,7
7,25,12
15,6,12
7,9,4
6,5,9
14,7,8
16,19,12
7,18,9
7,21,14
19,24,7
26,22,11
5,2,7
26,15,8
19,19,13
1,11,7
3,23,11
22,24,8
7,6,12
13,9,2
22,8,0
19,12,10
6,27,10
10,14,12
22,17,5
22,20,10
2,19,13
18,6,3
6,23,12
21,13,3
18,9,8
5,24,8
22,12,11
2,12,10
14,15,3
14,18,8
5,17,5
13,6,10
2,5,7
14,27,13
14,11,5
17,10,6
14,6,11
5,5,8
29,16,4
8,12,8
20,15,1
20,18,6
17,3,3
9,25,8
1,14,8
9,28,13
13,12,3
20,11,3
25,17,12
20,10,7
12,16,4
9,20,14
18,19,12
13,24,13
12,25,9
20,6,9
12,9,1
9,13,11
21,19,9
24,24,4
17,28,9
21,12,6
21,11,10
15,9,2
17,21,6
12,13,12
24,19,10
4,19,9
15,21,12
12,6,9
25,16,2
4,12,6
4,11,10
23,13,3
8,15,9
20,21,7
7,19,10
4,4,7
19,25,8
4,7,12
16,10,5
23,9,5
8,11,11
28,16,3
23,8,9
27,12,8
7,12,7
19,18,5
16,3,2
8,3,12
20,9,10
0,9,9
14,3,8
19,11,2
7,7,13
26,9,6
10,12,8
22,15,1
12,24,12
22,18,6
19,6,8
3,6,5
10,5,5
18,7,4
3,9,10
22,11,3
4,22,10
6,14,5
16,28,8
15,24,13
7,30,10
22,6,9
5,27,11
23,19,9
7,23,7
7,22,11
26,24,4
6,2,8
10,30,11
26,17,1
5,6,9
26,20,6
14,13,12
26,19,10
10,23,8
17,13,9
26,12,7
29,19,7
18,18,4
10,15,9
13,22,9
10,18,14
1,17,11
9,11,7
13,15,6
10,11,11
21,17,5
13,18,11
9,4,4
9,7,9
13,10,12
12,12,4
13,3,9
24,10,3
25,26,8
12,0,7
24,6,5
9,29,10
25,19,5
8,9,7
20,12,0
29,22,8
9,22,7
16,20,11
13,25,10
20,24,10
16,4,3
25,11,6
17,12,12
9,15,4
25,14,11
16,13,8
16,16,13
28,19,6
13,21,12
12,22,8
9,10,10
28,12,3
3,24,10
21,16,8
20,12,13
12,15,5
24,21,3
19,13,9
15,22,9
12,10,11
19,9,11
4,16,8
23,18,1
3,12,13
15,15,6
15,18,11
27,21,4
12,3,8
4,25,13
6,17,8
24,9,6
4,9,5
6,20,13
3,5,10
15,8,3
23,10,2
15,11,8
2,6,6
14,12,4
26,18,2
15,3,9
7,25,14
7,9,6
6,5,11
14,7,10
16,19,14
7,18,11
19,24,9
3,27,11
10,9,7
1,11,9
3,23,13
22,24,10
13,9,4
22,8,2
19,12,12
6,27,12
22,17,7
30,19,6
22,20,12
14,23,4
13,1,5
14,22,8
18,6,5
6,23,14
14,25,13
18,9,10
5,24,10
2,12,12
14,15,5
26,21,3
2,5,9
17,15,2
14,11,7
25,17,1
17,10,8
5,5,10
9,16,5
29,16,6
8,12,10
20,15,3
20,18,8
17,3,5
1,14,10
13,12,5
20,10,9
0,10,8
12,16,6
12,25,11
12,9,3
9,13,13
21,19,11
13,0,8
12,1,4
17,28,11
4,23,9
12,4,9
21,11,12
15,9,4
17,21,8
24,19,12
4,19,11
15,21,14
25,16,4
9,19,6
4,11,12
23,13,5
8,15,11
16,17,10
20,21,9
7,19,12
4,4,9
19,25,10
16,10,7
8,11,13
28,16,5
0,13,9
7,12,9
19,15,2
19,18,7
16,3,4
3,21,9
20,9,12
22,22,6
19,10,8
18,12,0
26,9,8
3,14,6
10,12,10
22,15,3
12,24,14
22,18,8
19,6,10
11,9,2
6,21,10
3,6,7
10,5,7
18,7,6
3,9,12
22,11,5
2,10,8
4,22,12
6,14,7
16,28,10
7,30,12
6,7,4
14,9,3
23,19,11
5,11,5
14,2,0
7,22,13
26,24,6
17,9,0
6,2,10
5,3,6
10,30,13
10,23,10
17,13,11
26,12,9
29,19,9
18,18,6
10,15,11
13,22,11
22,21,9
9,11,9
18,10,7
13,15,8
10,11,13
21,17,7
13,18,13
9,4,6
9,7,11
2,9,11
17,19,4
24,18,4
5,14,6
13,3,11
17,12,1
24,10,5
4,10,4
25,23,5
8,13,7
25,26,10
12,0,9
9,29,12
25,19,7
8,9,9
20,12,2
25,18,11
9,22,9
16,20,13
8,2,6
13,25,12
20,24,12
16,4,5
25,11,8
19,9,0
12,29,13
16,13,10
28,19,8
13,21,14
12,22,10
9,10,12
3,24,12
19,4,6
21,16,10
15,30,10
12,15,7
22,9,1
24,21,5
19,13,11
15,22,11
12,10,13
4,13,5
4,16,10
23,18,3
15,15,8
23,17,7
15,18,13
27,21,6
12,3,10
24,9,8
4,9,7
15,8,5
23,10,4
15,11,10
27,14,3
7,13,6
14,12,6
7,16,11
26,18,4
10,21,6
7,9,8
19,12,1
14,7,12
26,10,5
10,14,3
26,13,10
18,16,2
19,24,11
1,15,9
3,27,13
10,9,9
22,12,2
1,8,6
1,11,11
13,6,1
18,20,13
10,2,6
2,24,11
13,9,6
22,8,4
6,27,14
6,11,6
30,19,8
13,1,7
5,24,12
23,16,10
14,15,7
17,22,7
26,21,5
14,11,9
25,17,3
29,20,6
20,6,0
17,10,10
29,16,8
9,16,7
21,19,0
20,15,5
13,19,10
20,18,10
17,3,7
1,14,12
9,9,4
9,8,8
13,12,7
20,10,11
0,10,10
12,13,3
12,16,8
12,9,5
17,25,8
12,1,6
4,23,11
12,4,11
16,29,9
3,3,8
25,20,4
15,9,6
17,21,10
4,19,13
15,2,3
27,24,9
25,16,6
9,19,8
23,13,7
8,15,13
16,17,12
20,21,11
25,8,7
7,19,14
19,22,7
4,4,11
19,25,12
16,10,9
10,24,9
28,16,7
0,13,11
19,15,4
12,19,9
19,18,9
16,3,6
3,21,11
22,22,8
19,10,10
3,14,8
10,12,12
22,15,5
22,18,10
2,18,9
6,21,12
3,6,9
18,7,8
15,12,7
22,11,7
22,10,11
2,10,10
14,13,3
4,22,14
6,14,9
14,16,8
16,28,12
5,15,5
7,27,9
7,30,14
14,9,5
5,11,7
14,2,2
26,24,8
17,9,2
10,27,10
5,3,8
10,23,12
18,18,8
10,15,13
13,22,13
22,21,11
2,21,10
9,11,11
18,10,9
21,17,9
24,22,4
9,4,8
9,7,13
17,19,6
5,14,8
17,12,3
25,14,2
24,10,7
4,10,6
16,16,4
25,23,7
8,13,9
27,15,2
20,19,7
17,7,9
16,9,1
9,29,14
8,6,6
16,8,5
8,9,11
20,12,4
19,13,0
9,22,11
8,2,8
20,5,1
13,25,14
16,4,7
25,11,10
19,9,2
21,20,10
28,19,10
12,22,12
19,4,8
21,16,12
10,3,5
15,30,12
12,15,9
22,9,3
24,21,7
19,13,13
4,20,10
6,12,5
15,22,13
15,6,5
7,28,10
4,13,7
4,16,12
16,19,5
15,15,10
23,17,9
27,21,8
7,21,7
24,9,10
4,9,9
26,22,4
23,10,6
27,14,5
7,13,8
26,15,1
7,16,13
19,19,6
26,18,6
16,7,8
10,21,8
7,6,5
7,9,10
19,12,3
26,10,7
10,14,5
3,18,10
22,20,3
7,2,7
1,15,11
18,9,1
10,9,11
22,12,4
1,8,8
13,6,3
10,2,8
13,9,8
22,8,6
6,11,8
13,1,9
23,16,12
14,15,9
17,22,9
26,21,7
25,17,5
29,20,8
9,20,7
20,6,2
17,10,12
9,13,4
9,16,9
21,19,2
13,19,12
9,8,10
21,11,3
13,12,9
21,14,8
12,13,5
12,16,10
24,19,3
9,1,7
12,6,2
12,9,7
24,12,0
17,25,10
27,19,4
12,1,8
4,23,13
24,7,6
4,7,5
16,29,11
23,8,2
25,20,6
15,9,8
17,21,12
9,23,8
16,22,8
9,26,13
15,2,5
25,16,8
15,1,9
14,3,1
7,7,6
9,19,10
28,20,7
19,22,9
19,6,1
16,10,11
28,13,4
28,16,9
19,15,6
12,19,11
19,18,11
3,21,13
22,22,10
2,22,9
22,6,2
19,10,12
23,19,2
22,15,7
30,17,6
22,18,12
2,18,11
14,21,4
6,21,14
3,6,11
18,7,10
15,12,9
2,10,12
14,13,5
6,14,11
14,16,10
26,19,3
23,7,5
17,13,2
14,9,7
10,18,7
14,2,4
14,1,8
10,27,12
10,11,4
5,3,10
13,18,4
1,12,10
13,11,1
2,25,10
13,10,5
18,18,10
13,3,2
2,21,12
9,11,13
21,17,11
24,22,6
17,26,11
17,19,8
5,14,10
17,12,5
25,14,4
24,10,9
4,10,8
16,13,1
16,16,6
25,23,9
8,13,11
20,19,9
17,7,11
9,10,3
8,6,8
21,16,1
16,8,7
8,9,13
20,12,6
28,14,5
19,13,2
9,22,13
21,25,6
20,5,3
16,4,9
12,10,4
19,9,4
21,20,12
3,12,6
15,18,4
12,22,14
4,28,11
6,20,6
11,7,2
15,11,1
10,3,7
3,7,12
22,9,5
24,21,9
4,20,12
6,12,7
23,22,5
16,26,10
15,3,2
15,6,7
7,28,12
4,13,9
6,5,4
14,7,3
4,16,14
16,19,7
15,15,12
23,17,11
27,21,10
7,21,9
7,20,13
4,9,11
26,22,6
23,10,8
7,13,10
26,15,3
19,19,8
26,18,8
16,7,10
10,21,10
7,6,7
22,27,8
7,9,12
19,12,5
26,10,9
18,13,1
3,18,12
22,20,5
2,19,8
6,23,7
19,7,11
18,9,3
10,9,13
22,12,6
14,18,3
6,15,8
6,18,13
10,2,10
18,4,9
22,8,8
6,11,10
23,20,12
5,12,6
17,10,1
14,6,6
14,15,11
26,21,9
25,17,7
20,10,2
9,20,9
18,19,7
13,24,8
21,26,7
20,6,4
9,13,6
9,16,11
21,19,4
5,30,9
13,19,14
24,26,8
9,8,12
21,11,5
13,12,11
21,14,10
12,13,7
12,16,12
24,19,5
9,1,9
15,21,7
17,16,7
12,8,13
4,11,5
4,14,10
17,25,12
27,19,6
7,19,5
12,1,10
4,7,7
16,10,0
8,11,6
23,8,4
25,20,8
15,9,10
27,12,3
9,23,10
8,3,7
25,16,10
20,9,5
7,7,8
19,10,1
9,19,12
28,20,9
10,12,3
19,22,11
19,6,3
28,13,6
3,9,5
12,19,13
24,25,11
15,24,8
23,26,7
10,0,6
22,22,12
2,22,11
22,6,4
14,28,9
23,19,4
22,15,9
30,17,8
15,19,14
14,21,6
11,6,3
15,12,11
14,13,7
6,14,13
14,16,12
26,19,5
23,7,7
17,13,4
14,9,9
26,12,2
10,15,4
10,18,9
1,20,11
10,27,14
18,10,0
10,11,6
21,17,0
13,18,6
1,12,12
9,7,4
2,25,12
13,10,7
10,6,12
13,3,4
21,5,3
2,21,14
17,26,13
25,18,4
17,19,10
25,21,9
16,20,6
25,11,1
13,28,10
17,12,7
25,14,6
29,18,5
16,13,3
9,17,8
16,16,8
13,21,7
8,13,13
25,7,3
20,19,11
9,10,5
8,6,10
21,16,3
16,8,9
20,12,8
28,14,7
0,11,11
19,13,4
21,25,8
12,10,6
3,12,8
15,18,6
12,3,3
24,9,1
4,28,13
15,11,3
10,3,9
15,10,7
22,9,7
4,20,14
6,12,9
16,26,12
15,3,4
7,25,9
15,6,9
7,28,14
4,13,11
6,5,6
14,7,5
16,19,9
26,13,3
23,17,13
20,22,12
12,28,9
26,22,8
16,11,10
23,10,10
10,9,2
7,13,12
19,19,10
3,22,12
10,21,12
7,6,9
22,27,10
19,12,7
6,30,12
3,18,14
22,20,7
22,19,11
2,19,10
14,22,3
18,6,0
6,23,9
14,25,8
18,9,5
18,8,9
22,12,8
2,12,7
14,18,5
6,15,10
22,8,10
6,11,12
5,12,8
17,10,3
14,6,8
5,5,5
20,18,3
26,21,11
25,17,9
20,10,4
9,20,11
18,19,9
21,26,9
20,6,6
21,19,6
5,30,11
12,4,4
24,26,10
21,11,7
13,12,13
21,14,12
12,13,9
24,19,7
4,19,6
21,7,9
17,16,9
4,11,7
23,13,0
8,15,6
4,14,12
16,17,5
20,21,4
27,19,8
7,19,7
4,7,9
16,10,2
23,8,6
25,20,10
8,10,12
7,12,4
15,9,12
27,12,5
0,16,9
19,18,2
9,23,12
8,3,9
20,9,7
7,7,10
19,10,3
9,19,14
10,12,5
22,18,3
19,22,13
19,6,5
28,13,8
18,7,1
3,9,7
22,11,0
22,10,4
4,22,7
15,24,10
11,4,3
23,26,9
10,0,8
2,22,13
22,6,6
14,28,11
23,19,6
6,9,8
27,22,9
7,22,8
15,12,13
23,14,12
5,6,6
14,13,9
26,19,7
23,7,9
10,22,9
10,25,14
7,10,11
14,9,11
26,12,4
29,19,4
10,15,6
10,18,11
22,21,4
1,20,13
9,11,4
18,10,2
13,15,3
10,11,8
21,17,2
13,18,8
9,7,6
13,10,9
2,9,6
13,3,6
21,5,5
24,10,0
5,9,7
17,7,2
24,6,2
25,18,6
17,19,12
29,22,5
25,21,11
16,20,8
16,4,0
25,11,3
13,28,12
25,14,8
8,4,10
29,18,7
9,17,10
21,20,3
28,19,3
13,21,9
21,23,8
25,7,5
20,19,13
9,10,7
19,4,1
21,16,5
16,8,11
13,13,10
20,12,10
28,14,9
19,13,6
12,17,11
12,10,8
3,12,10
15,15,3
23,17,2
15,18,8
12,3,5
24,9,3
15,10,9
22,9,9
7,16,6
6,12,11
16,7,1
16,26,14
15,3,6
7,25,11
15,6,11
4,13,13
14,7,7
16,19,11
26,13,5
12,28,11
26,22,10
16,11,12
28,17,10
10,9,4
19,19,12
1,11,6
22,24,7
3,22,14
10,21,14
13,9,1
19,12,9
6,27,9
22,19,13
2,19,12
14,22,5
6,23,11
14,25,10
5,24,7
23,16,5
22,12,10
2,12,9
14,18,7
6,15,12
14,10,8
5,12,10
17,10,5
14,6,10
1,21,10
5,5,7
13,19,5
20,18,5
9,8,3
13,12,2
20,10,6
9,20,13
18,19,11
20,6,8
21,18,12
17,28,8
12,4,6
21,11,9
15,9,1
17,21,5
12,13,11
24,19,9
4,19,8
4,18,12
25,16,1
17,16,11
4,11,9
8,15,8
16,17,7
20,21,6
28,23,5
25,8,2
27,19,10
7,19,9
4,4,6
19,25,7
4,7,11
16,10,4
28,16,2
23,8,8
27,12,7
20,16,12
0,16,11
19,18,4
9,23,14
19,17,8
8,3,11
16,5,10
20,9,9
0,9,8
7,7,12
19,10,5
3,13,7
10,12,7
3,16,12
22,18,5
7,0,9
19,6,7
4,29,12
6,21,7
18,7,3
3,9,9
15,12,2
22,10,6
4,22,9
6,14,4
14,16,3
15,24,12
11,4,5
10,0,10
22,6,8
7,29,13
14,28,13
23,19,8
6,9,10
7,22,10
19,28,8
6,2,7
14,4,6
5,6,8
14,13,11
26,19,9
10,22,11
7,10,13
26,12,6
19,16,11
18,18,3
10,15,8
13,22,8
10,18,13
22,21,6
6,24,8
9,11,6
18,10,4
10,11,10
21,17,4
2,13,6
2,16,11
5,21,6
13,10,11
2,9,8
13,3,8
21,5,7
24,10,2
5,9,9
17,7,4
16,8,0
8,9,6
25,18,8
17,19,14
29,22,7
16,20,10
13,25,9
16,4,2
25,11,5
8,1,7
13,28,14
25,14,10
8,4,12
20,7,5
12,29,10
9,17,12
21,20,5
13,21,11
21,23,10
12,22,7
9,10,9
19,4,3
21,16,7
13,13,12
19,13,8
12,17,13
15,22,8
15,6,0
12,10,10
4,16,7
15,15,5
23,17,4
15,18,10
27,21,3
12,3,7
24,9,5
4,9,4
4,8,8
23,10,1
15,10,11
27,16,9
7,16,8
6,12,13
16,7,3
15,3,8
7,9,5
14,7,9
16,19,13
26,13,7
10,16,9
12,28,13
3,27,10
7,4,11
10,9,6
1,11,8
22,24,9
22,8,1
15,28,14
6,27,11
13,1,4
2,19,14
14,22,7
14,25,12
5,24,9
23,16,7
22,12,12
2,12,11
14,15,4
6,15,14
14,10,10
26,16,8
17,10,7
14,6,12
1,21,12
29,16,5
13,19,7
1,14,9
9,8,5
13,12,4
21,14,3
20,10,8
0,10,7
12,16,5
18,19,13
13,7,10
12,9,2
20,6,10
12,8,6
13,0,7
17,28,10
4,23,8
12,4,8
24,7,1
21,11,11
15,9,3
17,20,11
24,19,11
4,18,14
16,24,12
25,16,3
17,16,13
4,11,11
8,15,10
16,17,9
20,21,8
28,23,7
25,8,4
7,19,11
4,4,8
19,25,9
4,7,13
16,10,6
28,16,4
23,8,10
0,13,8
12,19,6
19,17,10
3,21,8
8,3,13
20,9,11
0,9,10
22,22,5
19,10,7
3,13,9
22,15,2
3,16,14
15,19,7
22,18,7
12,7,9
19,6,9
4,29,14
6,21,9
3,6,6
18,7,5
3,9,11
15,12,4
22,10,8
2,10,7
4,22,11
6,14,6
14,16,5
16,28,9
23,7,0
23,19,10
6,9,12
7,22,12
19,28,10
6,2,9
14,4,8
5,3,5
10,30,12
5,6,10
26,19,11
10,22,13
10,6,5
19,16,13
10,15,10
18,17,9
13,22,10
22,21,8
6,24,10
9,11,8
18,10,6
21,17,6
5,28,11
2,13,8
2,16,13
14,19,6
5,21,8
13,10,13
2,9,10
17,19,3
5,14,5
21,5,9
17,12,0
24,10,4
17,14,9
8,13,6
20,19,4
17,7,6
9,29,11
16,8,2
8,9,8
20,12,1
25,18,10
13,25,11
16,4,4
21,27,10
25,11,7
25,14,12
20,7,7
12,29,12
9,17,14
21,20,7
13,21,13
21,23,12
12,22,9
9,10,11
19,4,5
4,27,10
21,16,9
3,7,7
22,9,0
24,20,8
4,20,7
21,8,10
15,22,10
15,6,2
12,10,12
4,16,9
23,17,6
15,18,12
27,21,5
20,25,10
7,20,8
24,9,7
4,8,10
16,11,3
23,10,3
7,13,5
7,16,10
19,19,3
16,7,5
15,3,10
7,9,7
19,12,0
14,7,11
26,10,4
26,13,9
18,16,1
3,18,7
10,16,11
22,19,4
7,1,8
1,15,8
19,7,6
18,8,2
10,9,8
22,12,1
18,11,7
4,26,13
6,18,8
10,2,5
22,8,3
10,1,9
6,27,13
2,7,6
6,11,5
23,20,7
30,19,7
13,1,6
14,6,1
23,16,9
14,15,6
26,21,4
25,17,2
14,10,12
29,20,5
26,16,10
18,19,2
13,26,12
17,10,9
29,16,7
9,16,6
13,19,9
1,14,11
9,8,7
21,11,0
13,12,6
21,14,5
20,10,10
0,10,9
12,16,7
13,7,12
17,16,2
12,8,8
24,14,6
4,14,5
13,0,9
17,25,7
12,1,5
17,28,12
4,23,10
12,4,10
24,7,3
25,20,3
15,9,5
17,20,13
9,26,10
4,2,8
16,24,14
25,16,5
20,9,0
15,1,6
25,15,9
9,19,7
4,11,13
16,17,11
28,20,4
20,21,10
28,23,9
25,8,6
19,22,6
12,26,11
19,25,11
16,10,8
9,14,13
28,16,6
0,13,10
12,19,8
19,17,12
3,21,10
3,20,14
22,22,7
19,10,9
3,13,11
15,19,9
22,18,9
12,7,11
14,20,5
6,21,11
3,6,8
18,7,7
3,9,13
15,12,6
22,10,10
2,10,9
4,22,13
14,16,7
16,28,11
23,7,2
15,7,12
7,10,4
14,9,4
7,22,14
14,1,5
19,28,12
6,2,11
14,4,10
5,3,7
19,20,13
1,12,7
13,10,2
10,6,7
10,15,12
18,17,11
22,21,10
2,21,9
2,20,13
6,24,12
18,10,8
21,17,8
2,13,10
14,19,8
17,26,8
2,9,12
17,19,5
25,21,4
25,14,1
24,10,6
17,14,11
8,13,8
20,19,6
17,7,8
9,29,13
16,8,4
13,13,3
20,12,3
13,16,8
25,18,12
13,25,13
9,5,6
16,4,6
20,7,9
12,29,14
21,20,9
17,29,9
19,4,7
4,27,12
21,16,11
3,7,9
15,10,2
22,9,2
15,13,7
24,20,10
4,20,9
6,12,4
21,8,12
15,22,12
11,2,5
15,6,4
4,13,6
14,7,0
24,16,12
4,16,11
23,17,8
20,22,7
27,21,7
20,25,12
7,20,10
26,22,3
19,26,8
4,8,12
16,11,5
23,10,5
16,14,10
7,13,7
7,16,12
19,19,5
16,7,7
10,21,7
3,25,12
10,20,11
7,9,9
19,12,2
7,8,13
26,10,6
26,13,11
3,18,9
10,16,13
22,19,6
7,1,10
1,15,10
14,25,3
19,7,8
18,8,4
10,9,10
22,12,3
18,11,9
6,15,5
6,18,10
5,19,6
10,1,11
22,8,5
22,7,9
2,7,8
6,11,7
23,20,9
13,1,8
14,6,3
6,3,8
23,16,11
6,6,13
5,7,9
26,21,6
17,5,4
29,20,7
9,20,6
18,19,4
10,19,14
20,6,1
13,26,14
21,19,1
21,18,5
13,19,11
21,21,10
9,8,9
21,11,2
13,12,8
21,14,7
20,10,12
12,13,4
12,16,9
9,1,6
17,16,4
12,8,10
24,14,8
4,14,7
17,25,9
27,19,3
12,1,7
12,4,12
4,7,4
24,7,5
9,30,10
16,29,10
23,8,1
25,20,5
8,10,7
20,16,5
17,4,7
9,26,12
4,2,10
16,5,3
20,9,2
15,1,8
25,15,11
7,7,5
9,19,9
16,17,13
28,20,6
25,8,8
19,6,0
12,26,13
28,13,3
28,16,8
12,19,10
24,25,8
22,22,9
22,6,1
15,26,14
19,10,11
4,17,8
3,13,13
30,17,5
15,19,11
27,22,4
12,7,13
14,20,7
6,21,13
3,6,10
15,12,8
23,14,7
2,10,11
14,13,4
14,16,9
26,19,2
16,28,13
23,7,4
10,25,9
7,10,6
19,16,4
14,8,10
10,18,6
14,1,7
1,19,12
10,11,3
5,3,9
1,12,9
13,10,4
10,6,9
18,17,13
22,21,12
6,24,14
18,10,10
2,13,12
17,26,10
26,25,8
25,18,1
17,19,7
25,21,6
9,24,8
25,14,3
17,14,13
9,17,5
29,17,6
8,13,10
20,19,8
17,7,10
25,9,9
21,16,0
16,8,6
13,13,5
28,14,4
13,16,10
0,11,8
19,13,1
12,17,6
9,5,8
16,4,8
12,10,3
21,20,11
3,12,5
17,29,11
4,27,14
3,7,11
15,10,4
15,13,9
27,16,2
24,20,12
4,20,11
6,12,6
16,26,9
15,22,14
15,6,6
7,28,11
14,7,2
16,19,6
23,17,10
20,22,9
7,20,12
7,4,4
19,26,10
16,11,7
16,14,12
28,17,5
7,13,9
7,16,14
19,19,7
16,7,9
3,22,9
3,25,14
10,20,13
19,12,4
22,26,11
26,10,8
18,13,0
19,14,13
3,18,11
22,19,8
14,25,5
19,7,10
6,22,10
18,8,6
3,10,12
10,9,12
22,12,5
6,15,7
2,14,13
6,18,12
18,4,8
5,19,8
2,7,10
14,10,3
6,11,9
26,16,1
23,20,11
5,12,5
13,1,10
17,10,0
14,6,5
6,3,10
23,16,13
17,5,6
20,10,1
9,20,8
18,19,6
1,9,8
21,26,6
13,7,3
20,6,3
5,30,8
21,18,7
13,19,13
21,21,12
9,8,11
21,11,4
21,14,9
24,19,4
17,23,9
4,18,7
21,6,10
17,16,6
12,8,12
4,11,4
24,14,10
4,14,9
27,19,5
12,1,9
4,7,6
9,30,12
4,6,10
23,8,3
25,20,7
8,10,9
20,16,7
9,23,9
17,4,9
19,17,3
9,26,14
8,3,6
16,5,5
20,9,4
7,7,7
19,10,0
9,19,11
28,20,8
3,16,7
12,7,2
19,6,2
3,9,4
22,10,1
12,19,12
24,25,10
22,22,11
3,4,10
22,6,3
14,28,8
4,17,10
6,9,5
23,19,3
16,23,8
30,17,7
15,19,13
27,22,6
14,4,1
15,12,10
23,14,9
14,13,6
7,17,11
14,16,11
26,19,4
23,7,6
10,25,11
7,10,8
19,16,6
14,8,12
26,14,10
18,17,2
10,18,8
14,1,9
10,10,9
1,12,11
2,25,11
13,10,6
10,6,11
21,5,2
13,5,12
25,25,6
17,26,12
25,18,3
25,21,8
17,18,13
9,24,10
13,28,9
25,14,5
8,4,7
20,7,0
29,17,8
9,17,7
21,20,0
13,21,6
13,20,10
20,19,10
9,10,4
21,16,2
16,8,8
13,13,7
28,14,6
13,16,12
0,11,10
12,17,8
24,23,6
9,5,10
12,10,5
15,18,5
15,17,9
24,9,0
12,5,11
15,10,6
25,24,9
15,13,11
27,16,4
4,20,13
6,12,8
16,26,11
15,3,3
15,6,8
14,7,4
16,19,8
26,13,2
16,18,12
23,17,12
20,22,11
10,16,4
7,20,14
7,4,6
19,26,12
16,11,9
28,17,7
7,13,11
19,19,9
16,7,11
3,22,11
15,28,9
10,4,7
6,30,11
3,18,13
23,23,5
22,19,10
2,19,9
14,25,7
6,22,12
23,16,2
18,8,8
22,12,7
15,16,12
14,18,4
6,15,9
14,17,8
6,18,14
18,4,10
14,10,5
6,11,11
26,16,3
5,12,7
17,10,2
14,6,7
17,5,8
20,10,3
18,19,8
1,9,10
21,26,8
13,7,5
12,8,1
5,30,10
21,18,9
12,4,3
24,26,9
9,8,13
21,11,6
21,14,11
17,20,6
17,23,11
4,18,9
16,24,7
25,15,2
17,16,8
4,11,6
24,14,12
4,14,11
16,17,4
20,21,3
20,20,7
27,19,7
20,23,12
17,8,9
16,10,1
9,14,6
4,6,12
23,8,5
8,10,11
20,16,9
9,23,11
19,17,5
8,3,8
16,5,7
20,9,6
28,11,5
7,7,9
19,10,2
28,20,10
3,16,9
22,18,2
12,7,4
19,5,8
18,7,0
3,9,6
22,10,3
12,19,14
11,4,2
23,26,8
6,16,10
10,0,7
22,6,5
7,29,10
4,17,12
6,9,7
16,23,10
27,22,8
7,22,7
14,4,3
23,14,11
5,6,5
10,29,11
27,18,10
14,13,8
7,17,13
26,19,6
23,7,8
10,22,8
10,25,13
7,10,10
19,16,8
10,15,5
18,17,4
3,19,10
10,18,10
22,21,3
18,10,1
21,17,1
10,10,11
22,16,9
2,16,8
13,10,8
10,6,13
2,9,5
21,5,4
17,14,4
5,9,6
25,25,8
17,7,1
10,28,14
25,18,5
8,8,7
25,21,10
9,24,12
25,11,2
13,28,11
25,14,7
8,4,9
20,7,2
25,13,11
9,17,9
21,20,2
21,23,7
13,20,12
20,19,12
19,4,0
21,16,4
16,8,10
13,13,9
28,14,8
12,17,10
24,20,3
24,23,8
9,5,12
12,10,7
24,13,0
23,17,1
15,17,11
24,9,2
27,23,9
24,8,6
4,8,5
16,14,3
15,10,8
23,12,7
15,13,13
7,16,5
27,16,6
16,7,0
9,27,13
16,26,13
15,3,5
8,7,10
15,6,10
7,8,6
14,7,6
7,11,11
26,13,4
16,18,14
10,16,6
12,28,10
7,4,8
19,7,1
16,11,11
28,17,9
10,9,3
18,11,2
12,20,11
19,19,11
3,22,13
15,28,11
10,4,9
6,30,13
23,23,7
22,19,12
2,19,11
14,22,4
14,25,9
6,22,14
23,16,4
6,6,6
18,8,10
6,15,11
14,17,10
23,11,10
14,10,7
26,16,5
10,19,7
14,6,9
29,15,6
21,21,3
17,5,10
21,14,0
20,10,5
13,14,10
18,19,10
1,9,12
9,3,8
13,7,7
12,8,3
24,14,1
5,30,12
21,18,11
12,4,5
17,27,11
24,26,11
21,11,8
15,9,0
17,20,8
17,4,0
17,23,13
4,18,11
16,24,9
25,15,4
17,16,10
4,11,8
4,14,13
16,17,6
28,23,4
25,8,1
20,20,9
27,19,9
17,8,11
9,14,8
23,8,7
8,10,13
16,12,12
20,16,11
0,16,10
9,23,13
19,17,7
16,5,9
3,20,9
20,9,8
19,10,4
12,14,9
3,13,6
9,2,11
3,16,11
12,7,6
6,21,6
11,8,2
3,9,8
15,12,1
23,14,0
22,10,5
11,4,4
16,27,10
6,16,12
23,26,10
15,7,7
22,6,7
7,29,12
14,8,3
4,17,14
6,9,9
16,23,12
7,22,9
6,2,6
14,4,5
5,6,7
10,29,13
19,20,8
26,19,8
19,23,13
10,22,10
10,6,2
7,10,12
19,16,10
10,15,7
18,17,6
3,19,12
10,18,12
22,21,5
6,24,7
2,23,13
18,10,3
21,17,3
5,28,8
10,10,13
22,16,11
2,16,10
14,19,3
18,5,9
2,9,7
21,5,6
17,14,6
5,9,8
25,25,10
17,7,3
25,9,2
25,18,7
8,8,9
20,14,7
13,25,8
16,4,1
9,24,14
21,27,7
8,1,6
13,28,13
8,4,11
20,7,4
9,17,11
21,20,4
21,23,9
13,20,14
19,4,2
24,27,8
21,16,6
13,13,11
21,15,10
3,7,4
15,13,2
12,17,12
24,20,5
24,23,10
15,22,7
12,10,9
4,16,6
4,15,10
23,17,3
20,25,7
15,17,13
24,8,8
4,8,7
16,11,0
16,14,5
15,10,10
23,12,9
27,16,8
7,16,7
16,7,2
8,7,12
10,20,6
20,13,10
7,8,8
7,11,13
19,14,6
26,13,6
16,2,8
10,16,8
12,28,12
7,4,10
19,7,3
16,11,13
6,25,8
3,10,5
10,9,5
18,11,4
12,20,13
2,14,6
4,26,10
6,18,5
23,27,7
10,1,6
15,28,13
10,4,11
22,7,4
23,20,4
23,23,9
15,20,14
14,22,6
7,26,11
14,25,11
23,16,6
6,6,8
6,15,13
14,17,12
26,23,10
14,10,9
26,16,7
10,19,9
13,26,9
1,21,11
29,15,8
21,18,0
13,19,6
21,21,5
9,8,4
21,14,2
10,7,12
13,14,12
9,3,10
13,7,9
12,8,5
24,14,3
13,0,6
12,4,7
24,7,0
17,27,13
17,20,10
17,4,2
4,18,13
16,24,11
13,29,10
25,15,6
17,16,12
9,18,8
16,17,8
9,21,13
28,23,6
25,8,3
20,20,11
12,26,8
9,14,10
28,15,7
20,16,13
12,19,5
19,17,9
16,5,11
3,20,11
15,26,9
19,10,6
12,14,11
3,13,8
3,16,13
15,19,6
12,7,8
4,29,13
6,21,8
15,12,3
23,14,2
22,10,7
2,10,6
14,16,4
4,5,6
16,27,12
6,16,14
15,7,9
7,29,14
27,13,7
14,8,5
6,9,11
26,14,3
16,23,14
19,28,9
14,4,7
10,13,7
19,20,10
10,22,12
10,6,4
19,16,12
18,17,8
1,7,10
3,19,14
22,21,7
15,25,12
2,20,10
13,5,5
6,24,9
14,26,8
18,10,5
5,28,10
2,13,7
22,16,13
2,16,12
14,19,5
5,21,7
2,9,9
17,18,6
21,5,8
17,14,8
5,9,10
20,19,3
17,7,5
25,9,4
1,18,10
16,8,1
13,16,5
8,8,11
25,18,9
20,14,9
9,5,3
21,27,9
8,1,8
8,4,13
20,7,6
12,29,11
9,17,13
21,20,6
21,23,11
13,4,8
19,4,4
12,5,4
24,27,10
4,27,9
13,13,13
21,15,12
3,7,6
15,13,4
12,17,14
24,20,7
21,8,9
11,2,2
15,6,1
17,17,9
4,15,12
16,18,5
23,17,5
16,21,10
20,25,9
7,20,7
4,8,9
16,11,2
16,14,7
15,10,12
7,13,4
23,12,11
27,16,10
7,16,9
7,15,13
16,7,4
10,20,8
20,13,12
7,8,10
26,10,3
19,14,8
18,16,0
26,13,8
10,16,10
22,19,3
7,1,7
12,28,14
7,4,12
19,7,5
18,8,1
6,25,10
3,10,7
22,12,0
18,11,6
15,16,5
10,8,11
2,14,8
4,26,12
6,18,7
11,5,3
23,27,9
10,1,8
22,7,6
6,11,4
23,20,6
6,10,8
23,23,11
14,6,0
7,26,13
23,16,8
6,6,10
5,7,6
17,5,1
14,10,11
26,16,9
10,19,11
13,26,11
22,25,9
1,21,13
21,18,2
13,19,8
21,21,7
9,8,6
21,14,4
5,25,9
5,18,6
13,7,11
21,9,10
12,8,7
24,14,5
17,8,2
24,7,2
17,11,7
4,6,5
20,16,2
17,20,12
25,22,11
17,4,4
9,26,9
4,2,7
16,5,0
16,24,13
15,1,5
13,29,12
25,15,8
9,18,10
28,20,3
21,24,8
28,23,8
25,8,5
20,20,13
20,4,5
12,26,10
19,5,1
9,14,12
28,15,9
12,19,7
19,17,11
9,6,13
3,20,13
15,26,11
12,14,13
3,13,10
15,19,8
23,21,7
12,7,10
14,20,4
15,12,5
23,14,4
22,10,9
7,17,6
14,16,6
4,5,8
23,7,1
15,7,11
27,13,9
19,16,1
14,8,7
6,9,13
26,14,5
19,28,11
14,4,9
1,19,9
10,10,4
10,13,9
22,16,2
19,20,12
1,12,6
10,22,14
13,10,1
10,6,6
18,17,10
15,25,14
2,20,12
13,5,7
6,24,11
14,26,10
5,28,12
2,13,9
14,19,7
17,26,7
25,21,3
17,18,8
25,13,4
17,14,10
20,19,5
13,23,10
17,7,7
25,9,6
1,18,12
17,6,11
16,8,3
9,12,8
13,16,7
8,8,13
20,14,11
9,5,5
20,7,8
21,20,8
13,4,10
15,17,4
12,5,6
4,27,11
24,11,4
3,7,8
15,10,1
15,13,6
24,20,9
4,20,8
21,8,11
11,2,4
15,6,3
17,17,11
7,11,4
4,15,14
16,18,7
20,22,6
16,21,12
28,24,5
20,25,11
7,20,9
25,12,7
19,26,7
4,8,11
16,11,4
16,14,9
28,17,2
20,17,12
19,19,4
12,23,9
16,7,6
16,6,10
3,25,11
10,20,10
22,26,8
7,8,12
19,14,10
3,18,8
3,17,12
10,16,12
7,1,9
22,19,5
19,7,7
6,22,7
18,8,3
6,25,12
3,10,9
18,11,8
15,16,7
10,8,13
22,14,11
2,14,10
14,17,3
4,26,14
6,18,9
11,5,5
5,19,5
10,1,10
22,7,8
2,7,7
23,20,8
6,10,10
15,4,10
14,6,2
6,3,7
6,6,12
5,7,8
17,5,3
13,14,3
26,16,11
18,19,3
10,19,13
13,26,13
22,25,11
6,28,13
21,18,4
21,21,9
2,17,11
21,11,1
5,22,6
21,14,6
5,25,11
21,6,7
21,9,12
17,16,3
12,8,9
24,14,7
4,14,6
5,10,9
20,23,7
17,8,4
24,7,4
17,11,9
4,6,7
23,8,0
8,10,6
16,12,5
20,16,4
17,20,14
17,4,6
9,26,11
4,2,9
16,5,2
20,9,1
15,1,7
13,29,14
25,15,10
8,5,12
7,7,4
9,18,12
28,20,5
21,24,10
12,26,12
19,5,3
12,18,13
19,17,13
4,24,10
6,16,5
3,4,7
15,7,0
15,26,13
22,6,0
22,5,4
4,17,7
3,13,12
15,19,10
27,22,3
23,21,9
12,7,12
14,20,6
23,14,6
6,4,8
27,17,9
7,17,8
4,5,10
23,7,3
23,6,7
10,25,8
7,10,5
19,16,3
14,8,9
26,14,7
10,18,5
10,17,9
14,1,6
7,5,11
1,19,11
10,10,6
10,13,11
22,16,4
1,12,8
13,10,3
10,6,8
18,17,12
2,20,14
13,5,9
6,24,13
14,26,12
2,13,11
17,26,9
26,25,7
5,4,7
25,21,5
20,14,0
17,18,10
26,17,8
25,13,6
1,22,12
17,14,12
29,17,5
13,20,7
13,23,12
25,9,8
13,13,4
9,12,10
21,15,3
28,14,3
13,16,9
0,11,7
20,14,13
12,17,5
24,23,3
9,5,7
13,8,10
12,10,2
20,7,10
12,12,11
15,17,6
17,29,10
12,5,8
24,8,1
4,27,13
24,11,6
3,7,10
15,10,3
23,12,2
25,24,6
15,13,8
24,20,11
16,26,8
16,25,12
20,13,3
15,5,9
14,7,1
17,17,13
7,11,6
16,18,9
20,22,8
16,21,14
28,24,7
7,20,11
25,12,9
19,26,9
4,8,13
16,11,6
16,14,11
28,17,4
12,20,6
12,23,11
3,22,8
3,25,13
10,20,12
10,4,4
22,26,10
19,14,12
6,29,12
3,17,14
15,20,7
22,19,7
14,25,4
19,7,9
6,22,9
18,8,5
6,25,14
3,10,11
18,11,10
15,16,9
6,15,6
22,14,13
2,14,12
14,17,5
6,18,11
5,19,7
23,11,5
2,7,9
23,20,10
6,10,12
14,6,4
6,3,9
14,5,8
5,7,10
17,5,5
1,16,10
20,10,0
13,14,5
18,19,5
1,9,7
13,7,2
21,18,6
5,29,11
21,21,11
2,17,13
5,22,8
21,13,12
17,23,8
4,18,6
21,6,9
17,16,5
12,8,11
24,14,9
4,14,8
20,20,4
20,23,9
17,8,6
9,30,11
17,11,11
4,6,9
8,10,8
16,12,7
20,16,6
28,18,5
17,4,8
19,17,2
16,5,4
20,9,3
25,15,12
20,8,7
20,11,12
12,14,4
9,18,14
9,2,6
21,24,12
12,7,1
12,26,14
19,5,5
3,8,7
22,10,0
3,11,12
24,25,9
4,24,12
6,16,7
23,25,9
3,4,9
15,7,2
22,5,6
4,17,9
6,9,4
16,23,7
15,19,12
27,22,5
23,21,11
14,20,8
14,4,0
7,24,13
23,14,8
6,4,10
7,17,10
19,23,8
4,5,12
10,25,10
7,10,7
19,16,5
14,8,11
26,14,9
18,17,1
3,19,7
10,17,11
22,23,9
19,8,6
1,19,13
19,11,11
10,10,8
10,13,13
22,16,6
6,19,8
10,6,10
2,8,6
2,11,11
5,16,6
13,5,11
17,14,1
26,25,9
10,28,11
25,18,2
5,4,9
25,21,7
20,14,2
17,18,12
26,17,10
9,24,9
8,4,6
13,27,12
25,13,8
29,17,7
9,17,6
13,20,9
13,4,1
13,23,14
25,9,10
13,13,6
9,12,12
21,15,5
13,16,11
0,11,9
12,17,7
24,23,5
9,5,9
13,8,12
17,17,2
12,12,13
4,15,5
15,17,8
17,29,12
12,5,10
24,8,3
24,11,8
15,10,5
23,12,4
25,24,8
8,14,10
15,13,10
27,16,3
9,27,10
4,3,8
16,25,14
8,7,7
20,13,5
15,5,11
7,11,8
19,14,1
16,18,11
20,22,10
16,2,3
28,24,9
25,12,11
7,4,5
12,27,11
19,26,11
16,11,8
9,15,13
16,14,13
28,17,6
10,8,4
12,20,8
12,23,13
3,22,10
15,28,8
10,20,14
10,4,6
6,29,14
15,20,9
22,19,9
15,23,14
14,25,6
6,22,11
23,16,1
18,8,7
3,10,13
15,16,11
14,17,7
26,23,5
23,11,7
2,7,11
14,10,4
7,14,9
26,16,2
6,3,11
14,5,10
26,11,8
18,14,0
21,21,0
17,5,7
1,16,12
10,7,7
13,14,7
1,9,9
9,3,5
13,7,4
21,18,8
13,2,10
12,4,2
17,27,8
17,20,5
25,22,4
17,23,10
4,18,8
25,15,1
20,27,9
17,15,11
16,17,3
24,14,11
9,21,8
20,20,6
20,23,11
17,8,8
9,30,13
17,11,13
9,14,5
4,6,11
29,14,6
8,10,10
16,12,9
28,15,2
13,17,8
20,16,8
28,18,7
0,15,11
19,17,4
16,5,6
28,11,4
20,8,9
12,14,6
9,2,8
3,16,8
12,7,3
19,5,7
3,8,9
22,10,2
15,14,7
12,2,9
4,24,14
6,16,9
11,3,5
23,25,11
15,7,4
14,8,0
24,17,12
4,17,11
6,9,6
16,23,9
6,8,10
27,22,7
14,4,2
19,27,8
16,15,10
23,14,10
10,29,10
7,17,12
19,20,5
19,23,10
10,22,7
3,26,12
10,25,12
7,10,9
19,16,7
26,14,11
18,17,3
3,19,9
15,25,7
10,17,13
22,23,11
2,23,10
19,8,8
19,11,13
10,10,10
18,12,9
22,16,8
6,19,10
5,20,6
2,8,8
14,14,6
17,14,3
6,7,13
5,9,5
25,25,7
17,7,0
17,6,4
17,9,9
10,28,13
8,8,6
20,14,4
9,24,11
8,4,8
20,7,1
13,27,14
25,13,10
21,20,1
1,6,8
21,23,6
13,20,11
21,22,10
13,4,3
13,13,8
21,15,7
13,16,13
12,17,9
24,23,7
9,5,11
17,17,4
4,15,7
15,17,10
12,5,12
4,8,4
24,8,5
24,11,10
16,14,2
23,12,6
25,24,10
8,14,12
15,13,12
20,17,5
27,16,5
7,15,8
9,27,12
4,3,10
16,6,3
8,7,9
20,13,7
7,8,5
7,11,10
19,14,3
16,18,13
16,2,5
10,16,5
7,4,7
19,7,0
12,27,13
28,17,8
18,11,1
10,8,6
12,20,10
22,14,4
15,28,10
10,4,8
22,7,1
4,21,13
6,13,8
23,23,6
15,20,11
6,22,13
23,16,3
6,6,5
23,15,7
15,16,13
23,18,12
14,17,9
26,23,7
23,11,9
10,26,9
14,10,6
7,14,11
26,16,4
10,19,6
29,15,5
26,11,10
18,14,2
21,21,2
17,5,9
10,7,9
13,14,9
22,13,7
1,9,11
9,3,7
13,7,6
12,8,2
24,14,0
21,18,10
5,13,7
17,27,10
17,11,2
17,20,7
25,22,6
17,23,12
4,18,10
16,24,8
25,15,3
20,27,11
17,15,13
9,18,5
9,21,10
20,20,8
28,22,7
17,8,10
25,10,9
9,14,7
4,6,13
16,12,11
28,15,4
13,17,10
20,16,10
28,18,9
12,18,6
19,17,6
12,21,11
9,6,8
16,5,8
3,20,8
9,9,13
28,11,6
20,8,11
12,14,8
9,2,10
3,16,10
3,15,14
12,7,5
19,5,9
3,8,11
15,14,9
27,17,2
27,20,7
12,2,11
16,27,9
6,16,11
23,6,0
15,7,6
7,29,11
27,13,4
14,8,2
4,17,13
16,23,11
6,8,12
7,5,4
14,4,4
19,27,10
16,15,12
10,29,12
28,21,10
10,13,4
7,17,14
19,20,7
19,23,12
3,26,14
19,16,9
19,15,13
18,17,5
1,7,7
3,19,11
15,25,9
13,5,2
2,23,12
19,8,10
10,10,12
22,16,10
2,16,9
2,15,13
6,19,12
18,5,8
5,20,8
2,8,10
17,18,3
14,14,8
17,14,5
25,25,9
25,9,1
17,6,6
17,9,11
9,12,3
8,8,8
20,14,6
1,10,8
9,24,13
21,27,6
13,8,3
20,7,3
13,11,8
1,6,10
13,20,13
9,0,6
21,22,12
13,4,5
12,5,1
21,15,9
24,20,4
17,24,9
24,23,9
15,5,2
17,17,6
4,15,9
16,21,7
15,17,12
25,12,2
24,8,7
4,8,6
16,14,4
23,12,8
20,17,7
27,16,7
7,15,10
9,27,14
19,21,8
16,6,5
8,7,11
16,9,10
20,13,9
7,8,7
7,11,12
19,14,5
16,2,7
18,15,1
3,17,7
10,16,7
7,4,9
19,7,2
12,11,7
18,11,3
10,8,8
12,20,12
22,14,6
4,26,9
10,1,5
15,28,12
10,4,10
22,7,3
23,20,3
6,10,5
23,23,8
6,13,10
15,20,13
15,4,5
7,26,10
14,5,1
6,6,7
23,15,9
14,17,11
26,23,9
23,11,11
10,26,11
5,2,9
7,14,13
26,16,6
26,15,10
10,19,8
13,26,8
29,15,7
21,21,4
21,14,1
10,7,11
21,13,5
13,14,11
22,13,9
9,3,9
13,7,8
13,6,12
12,8,4
24,14,2
5,13,9
17,27,12
17,11,4
17,20,9
25,22,8
17,4,1
9,25,10
16,24,10
13,29,9
25,15,5
8,5,7
20,8,0
20,11,5
9,18,7
9,21,12
20,20,10
28,22,9
20,4,2
9,14,9
16,12,13
28,15,6
13,17,12
3,11,5
12,18,8
12,21,13
24,24,6
9,6,10
3,20,10
21,12,8
15,26,8
12,14,10
15,19,5
23,21,4
12,7,7
12,6,11
4,12,8
23,14,1
3,8,13
15,14,11
27,17,4
27,20,9
4,5,5
16,27,11
6,16,13
23,6,2
15,7,8
23,9,7
27,13,6
14,8,4
26,14,2
16,23,13
10,17,4
7,5,6
19,27,12
19,11,4
14,3,10
10,29,14
10,13,6
19,20,9
10,6,3
15,29,9
18,17,7
1,7,9
3,19,13
23,24,5
15,25,11
2,20,9
13,5,4
2,23,14
5,28,9
22,16,12
14,19,4
7,23,9
6,19,14
18,5,10
2,8,12
17,18,5
14,14,10
26,17,3
26,20,8
25,13,1
13,30,10
17,14,7
13,23,7
25,9,3
1,18,9
17,6,8
9,12,5
13,16,4
8,8,10
20,14,8
1,10,10
21,27,8
13,8,5
13,11,10
12,12,6
9,0,8
13,4,7
12,5,3
24,27,9
24,11,1
21,15,11
3,7,5
15,13,3
24,20,6
17,24,11
24,23,11
16,25,7
15,5,4
17,17,8
29,23,6
24,15,12
4,15,11
16,18,4
16,21,9
20,25,8
15,17,14
7,20,6
25,12,4
24,8,9
16,11,1
9,15,6
16,14,6
23,12,10
20,17,9
7,15,12
19,21,10
16,6,7
8,7,13
10,20,7
16,9,12
28,12,5
20,13,11
7,8,9
19,14,7
3,17,9
15,23,7
19,7,4
12,11,9
14,24,3
18,8,0
6,25,9
3,10,6
18,11,5
15,16,4
10,8,10
12,20,14
22,14,8
2,14,7
4,26,11
6,18,6
11,5,2
23,27,8
6,17,10
10,1,7
23,11,0
10,4,12
22,7,5
2,6,8
23,20,5
6,10,7
23,23,10
6,13,12
15,4,7
7,26,12
14,5,3
6,6,9
23,15,11
5,7,5
7,18,13
17,5,0
10,26,13
10,19,10
13,26,10
22,25,8
6,28,10
21,18,1
21,21,6
22,17,9
2,17,8
13,2,3
14,23,6
18,6,7
5,25,8
10,7,13
21,13,7
13,14,13
22,13,11
5,18,5
9,3,11
17,15,4
24,14,4
5,10,6
17,8,1
17,11,6
4,6,4
16,12,2
20,16,1
25,22,10
8,12,12
17,4,3
9,25,12
13,29,11
25,15,7
8,5,9
20,8,2
20,11,7
9,18,9
9,21,14
21,24,7
20,20,12
20,4,4
12,26,9
19,5,0
12,25,13
9,14,11
28,15,8
13,17,14
3,11,7
12,18,10
24,24,8
9,6,12
3,20,12
21,12,10
15,26,10
22,5,1
12,14,12
23,21,6
14,20,3
7,24,8
12,6,13
4,12,10
6,4,5
16,15,3
23,14,3
15,14,13
7,17,5
27,17,6
4,5,7
16,27,13
23,6,4
15,7,10
23,9,9
27,13,8
14,8,6
7,12,11
26,14,4
10,17,6
7,5,8
19,8,1
19,11,6
10,10,3
18,12,2
10,13,8
22,16,1
19,20,11
15,29,11
10,5,9
2,11,6
23,24,7
15,25,13
2,20,11
13,5,6
14,26,9
6,7,6
7,23,11
17,18,7
14,14,12
26,17,5
29,24,5
26,20,10
25,13,3
13,30,12
17,13,13
13,23,9
25,9,5
1,18,11
17,6,10
9,12,7
21,15,0
13,16,6
8,8,12
13,15,10
20,14,10
1,10,12
9,5,4
13,8,7
13,11,12
12,12,8
24,18,6
13,4,9
15,17,3
12,5,5
24,27,11
24,11,3
15,13,5
17,24,13
11,2,3
16,25,9
20,13,0
15,5,6
17,17,10
25,19,9
27,11,4
29,23,8
4,15,13
16,18,6
16,21,11
28,24,4
25,12,6
12,30,11
9,15,8
16,14,8
16,13,12
23,12,12
20,17,11
12,23,8
7,15,14
19,21,12
16,6,9
3,25,10
10,20,9
28,12,7
3,24,14
20,13,13
7,8,11
19,14,9
3,17,11
15,23,9
12,11,11
14,24,5
6,25,11
3,10,8
15,16,6
10,8,12
23,18,5
22,14,10
2,14,9
11,5,4
23,27,10
6,17,12
23,11,2
15,8,7
22,7,7
15,11,12
7,14,4
2,6,10
6,10,9
14,12,8
15,4,9
7,26,14
6,3,6
14,5,5
6,6,11
26,11,3
23,15,13
5,7,7
17,5,2
19,24,13
10,7,2
22,13,0
10,19,12
22,25,10
2,24,13
6,28,12
21,18,3
5,29,8
21,21,8
22,17,11
2,17,10
13,2,5
14,23,8
18,6,9
5,25,10
21,13,9
21,6,6
21,9,11
17,15,6
14,11,11
5,10,8
20,23,6
17,8,3
25,10,2
17,11,8
4,6,6
16,12,4
20,16,3
20,15,7
17,4,5
20,18,12
16,5,1
9,25,14
13,29,13
9,9,6
8,5,11
20,8,4
20,11,9
9,18,11
21,24,9
3,15,7
19,5,2
28,15,10
3,8,4
3,11,9
15,14,2
12,18,12
12,2,4
24,24,10
4,24,9
21,12,12
23,25,6
3,4,6
15,26,12
22,5,3
4,17,6
6,8,5
23,21,8
7,24,10
4,12,12
6,4,7
16,15,5
23,14,5
28,21,3
23,13,9
27,17,8
7,17,7
4,5,9
23,6,6
23,9,11
10,24,11
0,14,9
14,8,8
19,16,2
7,12,13
26,14,6
16,3,8
10,17,8
22,23,6
7,5,10
19,8,3
1,19,10
19,11,8
10,10,5
18,12,4
3,14,10
10,13,10
22,16,3
15,29,13
